[{

		"subUnit": "ABCDELY",
		"masterProjectCode": "YWZXCSNC",
		"loeMonth": 1,
		"year": 2018,
		"limitValue": 4788.85,
		"deltaValue": 3685.28,
		"revenue": 1103.57

	},
	{

		"subUnit": "ACDDELY",
		"masterProjectCode": "ZXYWCPAC",
		"loeMonth": 2,
		"year": 2018,
		"limitValue": 3456.34,
		"deltaValue": 2489.87,
		"revenue": 966.47

	},
	{

		"subUnit": "XYZDLY",
		"masterProjectCode": "VZXWDPHV",
		"loeMonth": 3,
		"year": 2018,
		"limitValue": 7895.36,
		"deltaValue": 2987.85,
		"revenue": 4907.51

	},
	{

		"subUnit": "XZYDLY",
		"masterProjectCode": "YUQWDPHV",
		"loeMonth": 2,
		"year": 2018,
		"limitValue": 4235.21,
		"deltaValue": 3547.21,
		"revenue": 748.00

	},
	{

		"subUnit": "JKLDLY",
		"masterProjectCode": "UVXWDPDS",
		"loeMonth": 3,
		"year": 2018,
		"limitValue": 7852.63,
		"deltaValue": 4575.45,
		"revenue": 3007.8

	},
	{

		"subUnit": "ZADLY",
		"masterProjectCode": "WQYUFMMC",
		"loeMonth": 1,
		"year": 2018,
		"limitValue": 5478.96,
		"deltaValue": 4123.52,
		"revenue": 1355.44

	}, {

		"subUnit": "ZWDLY",
		"masterProjectCode": "XZUYFMMC",
		"loeMonth": 1,
		"year": 2018,
		"limitValue": 6587.36,
		"deltaValue": 5489.57,
		"revenue": 1097.79

	},
	{

		"subUnit": "UVDLY",
		"masterProjectCode": "SXUYFMMC",
		"loeMonth": 2,
		"year": 2018,
		"limitValue": 6587.32,
		"deltaValue": 5478.96,
		"revenue": 1108.36

	},
	{

		"subUnit": "XYDLY",
		"masterProjectCode": "QUWXFMMC",
		"loeMonth": 3,
		"year": 2018,
		"limitValue": 5489.36,
		"deltaValue": 3699.32,
		"revenue": 1790.04

	},
	{

		"subUnit": "LMDLY",
		"masterProjectCode": "XYZAFMMC",
		"loeMonth": 3,
		"year": 2018,
		"limitValue": 5879.63,
		"deltaValue": 4575.45,
		"revenue": 1304.18

	},
	{

		"subUnit": "XYZWDLY",
		"masterProjectCode": "UWEQEEPC",
		"loeMonth": 2,
		"year": 2018,
		"limitValue": 5879.63,
		"deltaValue": 4879.32,
		"revenue": 1000.31

	},
	{

		"subUnit": "ZXYWDLY",
		"masterProjectCode": "YWVZEEPC",
		"loeMonth": 2,
		"year": 2018,
		"limitValue": 2896.36,
		"deltaValue": 2014.52,
		"revenue": 881.84

	},
	{

		"subUnit": "GHIXDLY",
		"masterProjectCode": "VCXEEEPC",
		"loeMonth": 3,
		"year": 2018,
		"limitValue": 6245.32,
		"deltaValue": 4857.69,
		"revenue": 1387.63

	},
	{

		"subUnit": "FIKODLY",
		"masterProjectCode": "XCZWEEPC",
		"loeMonth": 2,
		"year": 2018,
		"limitValue": 6874.36,
		"deltaValue": 3696.52,
		"revenue": 3177.84

	},
	{

		"subUnit": "XNWQDLY",
		"masterProjectCode": "ZYUSESRC",
		"loeMonth": 1,
		"year": 2018,
		"limitValue": 5871.32,
		"deltaValue": 4785.29,
		"revenue": 1086.03

	}, {

		"subUnit": "ZYUWDLY",
		"masterProjectCode": "SUAXESRC",
		"loeMonth": 2,
		"year": 2018,
		"limitValue": 5473.63,
		"deltaValue": 4800.27,
		"revenue": 673.36

	},
	{

		"subUnit": "SWQKDLY",
		"masterProjectCode": "UIWZECQC",
		"loeMonth": 3,
		"year": 2018,
		"limitValue": 6241.78,
		"deltaValue": 5200.41,
		"revenue": 1041.37

	},
	{

		"subUnit": "ZUYEDLY",
		"masterProjectCode": "WXUZECQC",
		"loeMonth": 2,
		"year": 2018,
		"limitValue": 7021.36,
		"deltaValue": 5932.85,
		"revenue": 1088.51

	}, {

		"subUnit": "UZXEDLY",
		"masterProjectCode": "ZXWUECQC",
		"loeMonth": 3,
		"year": 2018,
		"limitValue": 4782.14,
		"deltaValue": 3600.58,
		"revenue": 1181.56

	},
	{

		"subUnit": "DCXZRVS",
		"masterProjectCode": "TYWZAC14",
		"loeMonth": 1,
		"year": 2018,
		"limitValue": 5743.28,
		"deltaValue": 4575.45,
		"revenue": 1167.83

	},
	{

		"subUnit": "VZXQRVS",
		"masterProjectCode": "ZUTWAM16",
		"loeMonth": 2,
		"year": 2018,
		"limitValue": 3698.74,
		"deltaValue": 2936.35,
		"revenue": 762.39

	},
	{

		"subUnit": "YUXERVS",
		"masterProjectCode": "YTQWAM23",
		"loeMonth": 3,
		"year": 2018,
		"limitValue": 4123.65,
		"deltaValue": 3214.25,
		"revenue": 909.4

	},
	{

		"subUnit": "OQXARVS",
		"masterProjectCode": "HFZXAM23",
		"loeMonth": 2,
		"year": 2018,
		"limitValue": 5217.39,
		"deltaValue": 4575.45,
		"revenue": 641.94

	},
	{

		"subUnit": "WIGXRVS",
		"masterProjectCode": "XHUILI22",
		"loeMonth": 1,
		"year": 2018,
		"limitValue": 4723.01,
		"deltaValue": 3657.32,
		"revenue": 1065.69

	},
	{

		"subUnit": "ZWX",
		"masterProjectCode": "TZKLSZPQ",
		"loeMonth": 3,
		"year": 2018,
		"limitValue": 2897.35,
		"deltaValue": 1958.73,
		"revenue": 938.62

	},
	{

		"subUnit": "XYZ",
		"masterProjectCode": "WGFMENPF",
		"loeMonth": 2,
		"year": 2018,
		"limitValue": 4796.38,
		"deltaValue": 3658.78,
		"revenue": 1137.6

	},
	{

		"subUnit": "UXZ",
		"masterProjectCode": "ZULOENST",
		"loeMonth": 1,
		"year": 2018,
		"limitValue": 5873.98,
		"deltaValue": 4575.45,
		"revenue": 1298.53

	},
	{

		"subUnit": "YUZ",
		"masterProjectCode": "UWMIENST",
		"loeMonth": 3,
		"year": 2018,
		"limitValue": 3658.96,
		"deltaValue": 2836.65,
		"revenue": 822.31

	},
	{

		"subUnit": "YTZADM",
		"masterProjectCode": "YTHOAGIC",
		"loeMonth": 2,
		"year": 2018,
		"limitValue": 4752.58,
		"deltaValue": 3985.24,
		"revenue": 767.14

	},
	{

		"subUnit": "XUWADM",
		"masterProjectCode": "JWTUAGIC",
		"loeMonth": 3,
		"year": 2018,
		"limitValue": 5725.36,
		"deltaValue": 4575.56,
		"revenue": 1149.8

	},
	{

		"subUnit": "UWXADM",
		"masterProjectCode": "XHJUACPC",
		"loeMonth": 2,
		"year": 2018,
		"limitValue": 7412.02,
		"deltaValue": 6325.87,
		"revenue": 1086.15

	},
	{

		"subUnit": "GXWADM",
		"masterProjectCode": "UWJVACPC",
		"loeMonth": 1,
		"year": 2018,
		"limitValue": 5874.23,
		"deltaValue": 5412.32,
		"revenue": 461.91

	},
	{

		"subUnit": "JWZADM",
		"masterProjectCode": "XUVNAVFC",
		"loeMonth": 3,
		"year": 2018,
		"limitValue": 3698.78,
		"deltaValue": 2836.96,
		"revenue": 861.82

	},
	{

		"subUnit": "VWEADM",
		"masterProjectCode": "WZBOAVFC",
		"loeMonth": 1,
		"year": 2018,
		"limitValue": 5236.36,
		"deltaValue": 4575.45,
		"revenue": 660.91

	},
	{

		"subUnit": "WYZD",
		"masterProjectCode": "XJNKIAIC",
		"loeMonth": 2,
		"year": 2018,
		"limitValue": 3698.36,
		"deltaValue": 3211.57,
		"revenue": 486.79

	},
	{

		"subUnit": "XUVD",
		"masterProjectCode": "YUKGIMZY",
		"loeMonth": 1,
		"year": 2018,
		"limitValue": 3752.19,
		"deltaValue": 2856.34,
		"revenue": 895.85

	},
	{

		"subUnit": "OWUD",
		"masterProjectCode": "XIJVCSNC",
		"loeMonth": 2,
		"year": 2018,
		"limitValue": 5478.96,
		"deltaValue": 4758.36,
		"revenue": 720.6

	},
	{

		"subUnit": "QWXD",
		"masterProjectCode": "ZOUDINRC",
		"loeMonth": 3,
		"year": 2018,
		"limitValue": 3587.96,
		"deltaValue": 2896.35,
		"revenue": 691.61

	},
	{

		"subUnit": "ZUTD",
		"masterProjectCode": "XJHMINRC",
		"loeMonth": 2,
		"year": 2018,
		"limitValue": 4210.36,
		"deltaValue": 3458.36,
		"revenue": 752.00

	},
	{

		"subUnit": "XOZD",
		"masterProjectCode": "OZHXVMMC",
		"loeMonth": 1,
		"year": 2018,
		"limitValue": 5210.36,
		"deltaValue": 4575.45,
		"revenue": 634.91

	}
]